<annotation>
	<folder>mask/n01689811</folder>
	<filename>n01689811_4119</filename>
	<path>mask/n01689811/n01689811_4119.png</path>
	<size>
		<width>435</width>
		<height>500</height>
		<depth>3</depth>
	</size>
	<segmented>0</segmented>
	<object>
		<name>alligator_lizard</name>
		<pose>Unspecified</pose>
		<truncated>0</truncated>
		<difficult>0</difficult>
		<occluded>0</occluded>
		<bndbox>
			<xmin>43</xmin>
			<xmax>414</xmax>
			<ymin>23</ymin>
			<ymax>456</ymax>
		</bndbox>
	</object>
</annotation>