<annotation>
	<folder>mask/n01689811</folder>
	<filename>n01689811_12162</filename>
	<path>mask/n01689811/n01689811_12162.png</path>
	<size>
		<width>500</width>
		<height>333</height>
		<depth>3</depth>
	</size>
	<segmented>0</segmented>
	<object>
		<name>alligator_lizard</name>
		<pose>Unspecified</pose>
		<truncated>0</truncated>
		<difficult>0</difficult>
		<occluded>0</occluded>
		<bndbox>
			<xmin>7</xmin>
			<xmax>479</xmax>
			<ymin>43</ymin>
			<ymax>199</ymax>
		</bndbox>
	</object>
	<object>
		<name>alligator_lizard</name>
		<pose>Unspecified</pose>
		<truncated>0</truncated>
		<difficult>0</difficult>
		<occluded>0</occluded>
		<bndbox>
			<xmin>186</xmin>
			<xmax>297</xmax>
			<ymin>265</ymin>
			<ymax>312</ymax>
		</bndbox>
	</object>
</annotation>