<annotation>
	<folder>mask/n01689811</folder>
	<filename>n01689811_7305</filename>
	<path>mask/n01689811/n01689811_7305.png</path>
	<size>
		<width>411</width>
		<height>500</height>
		<depth>3</depth>
	</size>
	<segmented>0</segmented>
	<object>
		<name>alligator_lizard</name>
		<pose>Unspecified</pose>
		<truncated>0</truncated>
		<difficult>0</difficult>
		<occluded>0</occluded>
		<bndbox>
			<xmin>32</xmin>
			<xmax>361</xmax>
			<ymin>14</ymin>
			<ymax>447</ymax>
		</bndbox>
	</object>
</annotation>