<annotation>
	<folder>mask/n01689811</folder>
	<filename>n01689811_9409</filename>
	<path>mask/n01689811/n01689811_9409.png</path>
	<size>
		<width>438</width>
		<height>500</height>
		<depth>3</depth>
	</size>
	<segmented>0</segmented>
	<object>
		<name>alligator_lizard</name>
		<pose>Unspecified</pose>
		<truncated>0</truncated>
		<difficult>0</difficult>
		<occluded>0</occluded>
		<bndbox>
			<xmin>133</xmin>
			<xmax>308</xmax>
			<ymin>93</ymin>
			<ymax>488</ymax>
		</bndbox>
	</object>
</annotation>