<annotation>
	<folder>mask/n01689811</folder>
	<filename>n01689811_6287</filename>
	<path>mask/n01689811/n01689811_6287.png</path>
	<size>
		<width>500</width>
		<height>417</height>
		<depth>3</depth>
	</size>
	<segmented>0</segmented>
	<object>
		<name>alligator_lizard</name>
		<pose>Unspecified</pose>
		<truncated>0</truncated>
		<difficult>0</difficult>
		<occluded>0</occluded>
		<bndbox>
			<xmin>101</xmin>
			<xmax>296</xmax>
			<ymin>90</ymin>
			<ymax>399</ymax>
		</bndbox>
	</object>
	<object>
		<name>alligator_lizard</name>
		<pose>Unspecified</pose>
		<truncated>0</truncated>
		<difficult>0</difficult>
		<occluded>0</occluded>
		<bndbox>
			<xmin>370</xmin>
			<xmax>409</xmax>
			<ymin>157</ymin>
			<ymax>196</ymax>
		</bndbox>
	</object>
	<object>
		<name>alligator_lizard</name>
		<pose>Unspecified</pose>
		<truncated>0</truncated>
		<difficult>0</difficult>
		<occluded>0</occluded>
		<bndbox>
			<xmin>182</xmin>
			<xmax>383</xmax>
			<ymin>186</ymin>
			<ymax>417</ymax>
		</bndbox>
	</object>
</annotation>