<annotation>
	<folder>mask/n01689811</folder>
	<filename>n01689811_1790</filename>
	<path>mask/n01689811/n01689811_1790.png</path>
	<size>
		<width>500</width>
		<height>334</height>
		<depth>3</depth>
	</size>
	<segmented>0</segmented>
	<object>
		<name>alligator_lizard</name>
		<pose>Unspecified</pose>
		<truncated>0</truncated>
		<difficult>0</difficult>
		<occluded>0</occluded>
		<bndbox>
			<xmin>34</xmin>
			<xmax>456</xmax>
			<ymin>44</ymin>
			<ymax>304</ymax>
		</bndbox>
	</object>
</annotation>