<annotation>
	<folder>mask/n01689811</folder>
	<filename>n01689811_6002</filename>
	<path>mask/n01689811/n01689811_6002.png</path>
	<size>
		<width>500</width>
		<height>289</height>
		<depth>3</depth>
	</size>
	<segmented>0</segmented>
	<object>
		<name>alligator_lizard</name>
		<pose>Unspecified</pose>
		<truncated>0</truncated>
		<difficult>0</difficult>
		<occluded>0</occluded>
		<bndbox>
			<xmin>26</xmin>
			<xmax>487</xmax>
			<ymin>42</ymin>
			<ymax>232</ymax>
		</bndbox>
	</object>
	<object>
		<name>alligator_lizard</name>
		<pose>Unspecified</pose>
		<truncated>0</truncated>
		<difficult>0</difficult>
		<occluded>0</occluded>
		<bndbox>
			<xmin>291</xmin>
			<xmax>307</xmax>
			<ymin>227</ymin>
			<ymax>237</ymax>
		</bndbox>
	</object>
	<object>
		<name>alligator_lizard</name>
		<pose>Unspecified</pose>
		<truncated>0</truncated>
		<difficult>0</difficult>
		<occluded>0</occluded>
		<bndbox>
			<xmin>315</xmin>
			<xmax>322</xmax>
			<ymin>228</ymin>
			<ymax>245</ymax>
		</bndbox>
	</object>
	<object>
		<name>alligator_lizard</name>
		<pose>Unspecified</pose>
		<truncated>0</truncated>
		<difficult>0</difficult>
		<occluded>0</occluded>
		<bndbox>
			<xmin>288</xmin>
			<xmax>297</xmax>
			<ymin>241</ymin>
			<ymax>254</ymax>
		</bndbox>
	</object>
</annotation>