<annotation>
	<folder>mask/n01689811</folder>
	<filename>n01689811_6340</filename>
	<path>mask/n01689811/n01689811_6340.png</path>
	<size>
		<width>500</width>
		<height>333</height>
		<depth>3</depth>
	</size>
	<segmented>0</segmented>
	<object>
		<name>alligator_lizard</name>
		<pose>Unspecified</pose>
		<truncated>0</truncated>
		<difficult>0</difficult>
		<occluded>0</occluded>
		<bndbox>
			<xmin>423</xmin>
			<xmax>437</xmax>
			<ymin>25</ymin>
			<ymax>34</ymax>
		</bndbox>
	</object>
	<object>
		<name>alligator_lizard</name>
		<pose>Unspecified</pose>
		<truncated>0</truncated>
		<difficult>0</difficult>
		<occluded>0</occluded>
		<bndbox>
			<xmin>0</xmin>
			<xmax>417</xmax>
			<ymin>34</ymin>
			<ymax>309</ymax>
		</bndbox>
	</object>
</annotation>