<annotation>
	<folder>mask/n01689811</folder>
	<filename>n01689811_2824</filename>
	<path>mask/n01689811/n01689811_2824.png</path>
	<size>
		<width>500</width>
		<height>375</height>
		<depth>3</depth>
	</size>
	<segmented>0</segmented>
	<object>
		<name>alligator_lizard</name>
		<pose>Unspecified</pose>
		<truncated>0</truncated>
		<difficult>0</difficult>
		<occluded>0</occluded>
		<bndbox>
			<xmin>198</xmin>
			<xmax>208</xmax>
			<ymin>74</ymin>
			<ymax>82</ymax>
		</bndbox>
	</object>
	<object>
		<name>alligator_lizard</name>
		<pose>Unspecified</pose>
		<truncated>0</truncated>
		<difficult>0</difficult>
		<occluded>0</occluded>
		<bndbox>
			<xmin>171</xmin>
			<xmax>436</xmax>
			<ymin>76</ymin>
			<ymax>307</ymax>
		</bndbox>
	</object>
</annotation>