<annotation>
	<folder>mask/n01689811</folder>
	<filename>n01689811_10165</filename>
	<path>mask/n01689811/n01689811_10165.png</path>
	<size>
		<width>500</width>
		<height>227</height>
		<depth>3</depth>
	</size>
	<segmented>0</segmented>
	<object>
		<name>alligator_lizard</name>
		<pose>Unspecified</pose>
		<truncated>0</truncated>
		<difficult>0</difficult>
		<occluded>0</occluded>
		<bndbox>
			<xmin>58</xmin>
			<xmax>470</xmax>
			<ymin>22</ymin>
			<ymax>160</ymax>
		</bndbox>
	</object>
</annotation>