<annotation>
	<folder>mask/n01689811</folder>
	<filename>n01689811_3178</filename>
	<path>mask/n01689811/n01689811_3178.png</path>
	<size>
		<width>550</width>
		<height>412</height>
		<depth>3</depth>
	</size>
	<segmented>0</segmented>
	<object>
		<name>alligator_lizard</name>
		<pose>Unspecified</pose>
		<truncated>0</truncated>
		<difficult>0</difficult>
		<occluded>0</occluded>
		<bndbox>
			<xmin>0</xmin>
			<xmax>444</xmax>
			<ymin>133</ymin>
			<ymax>341</ymax>
		</bndbox>
	</object>
</annotation>