<annotation>
	<folder>mask/n01689811</folder>
	<filename>n01689811_12857</filename>
	<path>mask/n01689811/n01689811_12857.png</path>
	<size>
		<width>500</width>
		<height>347</height>
		<depth>3</depth>
	</size>
	<segmented>0</segmented>
	<object>
		<name>alligator_lizard</name>
		<pose>Unspecified</pose>
		<truncated>0</truncated>
		<difficult>0</difficult>
		<occluded>0</occluded>
		<bndbox>
			<xmin>255</xmin>
			<xmax>439</xmax>
			<ymin>260</ymin>
			<ymax>326</ymax>
		</bndbox>
	</object>
</annotation>