<annotation>
	<folder>mask/n01689811</folder>
	<filename>n01689811_3156</filename>
	<path>mask/n01689811/n01689811_3156.png</path>
	<size>
		<width>256</width>
		<height>384</height>
		<depth>3</depth>
	</size>
	<segmented>0</segmented>
	<object>
		<name>alligator_lizard</name>
		<pose>Unspecified</pose>
		<truncated>0</truncated>
		<difficult>0</difficult>
		<occluded>0</occluded>
		<bndbox>
			<xmin>77</xmin>
			<xmax>160</xmax>
			<ymin>8</ymin>
			<ymax>324</ymax>
		</bndbox>
	</object>
</annotation>