<annotation>
	<folder>mask/n01689811</folder>
	<filename>n01689811_4110</filename>
	<path>mask/n01689811/n01689811_4110.png</path>
	<size>
		<width>500</width>
		<height>248</height>
		<depth>3</depth>
	</size>
	<segmented>0</segmented>
	<object>
		<name>alligator_lizard</name>
		<pose>Unspecified</pose>
		<truncated>0</truncated>
		<difficult>0</difficult>
		<occluded>0</occluded>
		<bndbox>
			<xmin>132</xmin>
			<xmax>430</xmax>
			<ymin>113</ymin>
			<ymax>221</ymax>
		</bndbox>
	</object>
</annotation>