<annotation>
	<folder>mask/n01689811</folder>
	<filename>n01689811_2693</filename>
	<path>mask/n01689811/n01689811_2693.png</path>
	<size>
		<width>500</width>
		<height>399</height>
		<depth>3</depth>
	</size>
	<segmented>0</segmented>
	<object>
		<name>alligator_lizard</name>
		<pose>Unspecified</pose>
		<truncated>0</truncated>
		<difficult>0</difficult>
		<occluded>0</occluded>
		<bndbox>
			<xmin>0</xmin>
			<xmax>371</xmax>
			<ymin>84</ymin>
			<ymax>389</ymax>
		</bndbox>
	</object>
	<object>
		<name>alligator_lizard</name>
		<pose>Unspecified</pose>
		<truncated>0</truncated>
		<difficult>0</difficult>
		<occluded>0</occluded>
		<bndbox>
			<xmin>45</xmin>
			<xmax>52</xmax>
			<ymin>373</ymin>
			<ymax>382</ymax>
		</bndbox>
	</object>
</annotation>