<annotation>
	<folder>mask/n01689811</folder>
	<filename>n01689811_580</filename>
	<path>mask/n01689811/n01689811_580.png</path>
	<size>
		<width>680</width>
		<height>477</height>
		<depth>3</depth>
	</size>
	<segmented>0</segmented>
	<object>
		<name>alligator_lizard</name>
		<pose>Unspecified</pose>
		<truncated>0</truncated>
		<difficult>0</difficult>
		<occluded>0</occluded>
		<bndbox>
			<xmin>216</xmin>
			<xmax>680</xmax>
			<ymin>150</ymin>
			<ymax>294</ymax>
		</bndbox>
	</object>
</annotation>