<annotation>
	<folder>mask/n01689811</folder>
	<filename>n01689811_2855</filename>
	<path>mask/n01689811/n01689811_2855.png</path>
	<size>
		<width>369</width>
		<height>500</height>
		<depth>3</depth>
	</size>
	<segmented>0</segmented>
	<object>
		<name>alligator_lizard</name>
		<pose>Unspecified</pose>
		<truncated>0</truncated>
		<difficult>0</difficult>
		<occluded>0</occluded>
		<bndbox>
			<xmin>48</xmin>
			<xmax>300</xmax>
			<ymin>63</ymin>
			<ymax>464</ymax>
		</bndbox>
	</object>
</annotation>