<annotation>
	<folder>mask/n01689811</folder>
	<filename>n01689811_5131</filename>
	<path>mask/n01689811/n01689811_5131.png</path>
	<size>
		<width>500</width>
		<height>460</height>
		<depth>3</depth>
	</size>
	<segmented>0</segmented>
	<object>
		<name>alligator_lizard</name>
		<pose>Unspecified</pose>
		<truncated>0</truncated>
		<difficult>0</difficult>
		<occluded>0</occluded>
		<bndbox>
			<xmin>78</xmin>
			<xmax>102</xmax>
			<ymin>0</ymin>
			<ymax>24</ymax>
		</bndbox>
	</object>
	<object>
		<name>alligator_lizard</name>
		<pose>Unspecified</pose>
		<truncated>0</truncated>
		<difficult>0</difficult>
		<occluded>0</occluded>
		<bndbox>
			<xmin>88</xmin>
			<xmax>433</xmax>
			<ymin>22</ymin>
			<ymax>407</ymax>
		</bndbox>
	</object>
</annotation>