<annotation>
	<folder>mask/n01689811</folder>
	<filename>n01689811_9331</filename>
	<path>mask/n01689811/n01689811_9331.png</path>
	<size>
		<width>500</width>
		<height>333</height>
		<depth>3</depth>
	</size>
	<segmented>0</segmented>
	<object>
		<name>alligator_lizard</name>
		<pose>Unspecified</pose>
		<truncated>0</truncated>
		<difficult>0</difficult>
		<occluded>0</occluded>
		<bndbox>
			<xmin>90</xmin>
			<xmax>486</xmax>
			<ymin>95</ymin>
			<ymax>235</ymax>
		</bndbox>
	</object>
	<object>
		<name>alligator_lizard</name>
		<pose>Unspecified</pose>
		<truncated>0</truncated>
		<difficult>0</difficult>
		<occluded>0</occluded>
		<bndbox>
			<xmin>421</xmin>
			<xmax>429</xmax>
			<ymin>225</ymin>
			<ymax>234</ymax>
		</bndbox>
	</object>
</annotation>