<annotation>
	<folder>mask/n01689811</folder>
	<filename>n01689811_641</filename>
	<path>mask/n01689811/n01689811_641.png</path>
	<size>
		<width>682</width>
		<height>512</height>
		<depth>3</depth>
	</size>
	<segmented>0</segmented>
	<object>
		<name>alligator_lizard</name>
		<pose>Unspecified</pose>
		<truncated>0</truncated>
		<difficult>0</difficult>
		<occluded>0</occluded>
		<bndbox>
			<xmin>10</xmin>
			<xmax>660</xmax>
			<ymin>107</ymin>
			<ymax>403</ymax>
		</bndbox>
	</object>
</annotation>