<annotation>
	<folder>mask/n01689811</folder>
	<filename>n01689811_3983</filename>
	<path>mask/n01689811/n01689811_3983.png</path>
	<size>
		<width>319</width>
		<height>239</height>
		<depth>3</depth>
	</size>
	<segmented>0</segmented>
	<object>
		<name>alligator_lizard</name>
		<pose>Unspecified</pose>
		<truncated>0</truncated>
		<difficult>0</difficult>
		<occluded>0</occluded>
		<bndbox>
			<xmin>0</xmin>
			<xmax>279</xmax>
			<ymin>51</ymin>
			<ymax>239</ymax>
		</bndbox>
	</object>
</annotation>