<annotation>
	<folder>mask/n01689811</folder>
	<filename>n01689811_2956</filename>
	<path>mask/n01689811/n01689811_2956.png</path>
	<size>
		<width>549</width>
		<height>332</height>
		<depth>3</depth>
	</size>
	<segmented>0</segmented>
	<object>
		<name>alligator_lizard</name>
		<pose>Unspecified</pose>
		<truncated>0</truncated>
		<difficult>0</difficult>
		<occluded>0</occluded>
		<bndbox>
			<xmin>34</xmin>
			<xmax>536</xmax>
			<ymin>101</ymin>
			<ymax>267</ymax>
		</bndbox>
	</object>
</annotation>