<annotation>
	<folder>mask/n01689811</folder>
	<filename>n01689811_10075</filename>
	<path>mask/n01689811/n01689811_10075.png</path>
	<size>
		<width>500</width>
		<height>418</height>
		<depth>3</depth>
	</size>
	<segmented>0</segmented>
	<object>
		<name>alligator_lizard</name>
		<pose>Unspecified</pose>
		<truncated>0</truncated>
		<difficult>0</difficult>
		<occluded>0</occluded>
		<bndbox>
			<xmin>157</xmin>
			<xmax>414</xmax>
			<ymin>138</ymin>
			<ymax>264</ymax>
		</bndbox>
	</object>
	<object>
		<name>alligator_lizard</name>
		<pose>Unspecified</pose>
		<truncated>0</truncated>
		<difficult>0</difficult>
		<occluded>0</occluded>
		<bndbox>
			<xmin>29</xmin>
			<xmax>172</xmax>
			<ymin>235</ymin>
			<ymax>264</ymax>
		</bndbox>
	</object>
</annotation>