<annotation>
	<folder>mask/n01689811</folder>
	<filename>n01689811_9114</filename>
	<path>mask/n01689811/n01689811_9114.png</path>
	<size>
		<width>484</width>
		<height>500</height>
		<depth>3</depth>
	</size>
	<segmented>0</segmented>
	<object>
		<name>alligator_lizard</name>
		<pose>Unspecified</pose>
		<truncated>0</truncated>
		<difficult>0</difficult>
		<occluded>0</occluded>
		<bndbox>
			<xmin>182</xmin>
			<xmax>376</xmax>
			<ymin>191</ymin>
			<ymax>495</ymax>
		</bndbox>
	</object>
</annotation>