<annotation>
	<folder>mask/n01689811</folder>
	<filename>n01689811_5599</filename>
	<path>mask/n01689811/n01689811_5599.png</path>
	<size>
		<width>640</width>
		<height>480</height>
		<depth>3</depth>
	</size>
	<segmented>0</segmented>
	<object>
		<name>alligator_lizard</name>
		<pose>Unspecified</pose>
		<truncated>0</truncated>
		<difficult>0</difficult>
		<occluded>0</occluded>
		<bndbox>
			<xmin>152</xmin>
			<xmax>385</xmax>
			<ymin>20</ymin>
			<ymax>431</ymax>
		</bndbox>
	</object>
	<object>
		<name>alligator_lizard</name>
		<pose>Unspecified</pose>
		<truncated>0</truncated>
		<difficult>0</difficult>
		<occluded>0</occluded>
		<bndbox>
			<xmin>271</xmin>
			<xmax>283</xmax>
			<ymin>212</ymin>
			<ymax>224</ymax>
		</bndbox>
	</object>
</annotation>