<annotation>
	<folder>mask/n01689811</folder>
	<filename>n01689811_7828</filename>
	<path>mask/n01689811/n01689811_7828.png</path>
	<size>
		<width>500</width>
		<height>334</height>
		<depth>3</depth>
	</size>
	<segmented>0</segmented>
	<object>
		<name>alligator_lizard</name>
		<pose>Unspecified</pose>
		<truncated>0</truncated>
		<difficult>0</difficult>
		<occluded>0</occluded>
		<bndbox>
			<xmin>64</xmin>
			<xmax>434</xmax>
			<ymin>25</ymin>
			<ymax>305</ymax>
		</bndbox>
	</object>
	<object>
		<name>alligator_lizard</name>
		<pose>Unspecified</pose>
		<truncated>0</truncated>
		<difficult>0</difficult>
		<occluded>0</occluded>
		<bndbox>
			<xmin>223</xmin>
			<xmax>229</xmax>
			<ymin>122</ymin>
			<ymax>132</ymax>
		</bndbox>
	</object>
	<object>
		<name>alligator_lizard</name>
		<pose>Unspecified</pose>
		<truncated>0</truncated>
		<difficult>0</difficult>
		<occluded>0</occluded>
		<bndbox>
			<xmin>377</xmin>
			<xmax>387</xmax>
			<ymin>171</ymin>
			<ymax>180</ymax>
		</bndbox>
	</object>
</annotation>