<annotation>
	<folder>mask/n01689811</folder>
	<filename>n01689811_376</filename>
	<path>mask/n01689811/n01689811_376.png</path>
	<size>
		<width>500</width>
		<height>332</height>
		<depth>3</depth>
	</size>
	<segmented>0</segmented>
	<object>
		<name>alligator_lizard</name>
		<pose>Unspecified</pose>
		<truncated>0</truncated>
		<difficult>0</difficult>
		<occluded>0</occluded>
		<bndbox>
			<xmin>127</xmin>
			<xmax>344</xmax>
			<ymin>112</ymin>
			<ymax>332</ymax>
		</bndbox>
	</object>
	<object>
		<name>alligator_lizard</name>
		<pose>Unspecified</pose>
		<truncated>0</truncated>
		<difficult>0</difficult>
		<occluded>0</occluded>
		<bndbox>
			<xmin>246</xmin>
			<xmax>252</xmax>
			<ymin>311</ymin>
			<ymax>320</ymax>
		</bndbox>
	</object>
</annotation>