<annotation>
	<folder>mask/n01689811</folder>
	<filename>n01689811_5827</filename>
	<path>mask/n01689811/n01689811_5827.png</path>
	<size>
		<width>500</width>
		<height>308</height>
		<depth>3</depth>
	</size>
	<segmented>0</segmented>
	<object>
		<name>alligator_lizard</name>
		<pose>Unspecified</pose>
		<truncated>0</truncated>
		<difficult>0</difficult>
		<occluded>0</occluded>
		<bndbox>
			<xmin>57</xmin>
			<xmax>451</xmax>
			<ymin>54</ymin>
			<ymax>266</ymax>
		</bndbox>
	</object>
</annotation>