<annotation>
	<folder>mask/n01689811</folder>
	<filename>n01689811_1317</filename>
	<path>mask/n01689811/n01689811_1317.png</path>
	<size>
		<width>500</width>
		<height>366</height>
		<depth>3</depth>
	</size>
	<segmented>0</segmented>
	<object>
		<name>alligator_lizard</name>
		<pose>Unspecified</pose>
		<truncated>0</truncated>
		<difficult>0</difficult>
		<occluded>0</occluded>
		<bndbox>
			<xmin>44</xmin>
			<xmax>466</xmax>
			<ymin>110</ymin>
			<ymax>248</ymax>
		</bndbox>
	</object>
	<object>
		<name>alligator_lizard</name>
		<pose>Unspecified</pose>
		<truncated>0</truncated>
		<difficult>0</difficult>
		<occluded>0</occluded>
		<bndbox>
			<xmin>166</xmin>
			<xmax>173</xmax>
			<ymin>177</ymin>
			<ymax>188</ymax>
		</bndbox>
	</object>
	<object>
		<name>alligator_lizard</name>
		<pose>Unspecified</pose>
		<truncated>0</truncated>
		<difficult>0</difficult>
		<occluded>0</occluded>
		<bndbox>
			<xmin>228</xmin>
			<xmax>242</xmax>
			<ymin>205</ymin>
			<ymax>217</ymax>
		</bndbox>
	</object>
</annotation>