<annotation>
	<folder>mask/n01689811</folder>
	<filename>n01689811_3723</filename>
	<path>mask/n01689811/n01689811_3723.png</path>
	<size>
		<width>500</width>
		<height>466</height>
		<depth>3</depth>
	</size>
	<segmented>0</segmented>
	<object>
		<name>alligator_lizard</name>
		<pose>Unspecified</pose>
		<truncated>0</truncated>
		<difficult>0</difficult>
		<occluded>0</occluded>
		<bndbox>
			<xmin>46</xmin>
			<xmax>470</xmax>
			<ymin>84</ymin>
			<ymax>466</ymax>
		</bndbox>
	</object>
	<object>
		<name>alligator_lizard</name>
		<pose>Unspecified</pose>
		<truncated>0</truncated>
		<difficult>0</difficult>
		<occluded>0</occluded>
		<bndbox>
			<xmin>262</xmin>
			<xmax>274</xmax>
			<ymin>440</ymin>
			<ymax>448</ymax>
		</bndbox>
	</object>
	<object>
		<name>alligator_lizard</name>
		<pose>Unspecified</pose>
		<truncated>0</truncated>
		<difficult>0</difficult>
		<occluded>0</occluded>
		<bndbox>
			<xmin>204</xmin>
			<xmax>212</xmax>
			<ymin>453</ymin>
			<ymax>459</ymax>
		</bndbox>
	</object>
</annotation>