<annotation>
	<folder>mask/n01689811</folder>
	<filename>n01689811_4448</filename>
	<path>mask/n01689811/n01689811_4448.png</path>
	<size>
		<width>500</width>
		<height>401</height>
		<depth>3</depth>
	</size>
	<segmented>0</segmented>
	<object>
		<name>alligator_lizard</name>
		<pose>Unspecified</pose>
		<truncated>0</truncated>
		<difficult>0</difficult>
		<occluded>0</occluded>
		<bndbox>
			<xmin>77</xmin>
			<xmax>485</xmax>
			<ymin>31</ymin>
			<ymax>370</ymax>
		</bndbox>
	</object>
</annotation>