<annotation>
	<folder>mask/n01689811</folder>
	<filename>n01689811_3662</filename>
	<path>mask/n01689811/n01689811_3662.png</path>
	<size>
		<width>500</width>
		<height>293</height>
		<depth>3</depth>
	</size>
	<segmented>0</segmented>
	<object>
		<name>alligator_lizard</name>
		<pose>Unspecified</pose>
		<truncated>0</truncated>
		<difficult>0</difficult>
		<occluded>0</occluded>
		<bndbox>
			<xmin>3</xmin>
			<xmax>441</xmax>
			<ymin>108</ymin>
			<ymax>171</ymax>
		</bndbox>
	</object>
</annotation>