<annotation>
	<folder>mask/n01689811</folder>
	<filename>n01689811_2163</filename>
	<path>mask/n01689811/n01689811_2163.png</path>
	<size>
		<width>500</width>
		<height>397</height>
		<depth>3</depth>
	</size>
	<segmented>0</segmented>
	<object>
		<name>alligator_lizard</name>
		<pose>Unspecified</pose>
		<truncated>0</truncated>
		<difficult>0</difficult>
		<occluded>0</occluded>
		<bndbox>
			<xmin>20</xmin>
			<xmax>433</xmax>
			<ymin>167</ymin>
			<ymax>297</ymax>
		</bndbox>
	</object>
</annotation>