<annotation>
	<folder>mask/n01689811</folder>
	<filename>n01689811_3999</filename>
	<path>mask/n01689811/n01689811_3999.png</path>
	<size>
		<width>400</width>
		<height>500</height>
		<depth>3</depth>
	</size>
	<segmented>0</segmented>
	<object>
		<name>alligator_lizard</name>
		<pose>Unspecified</pose>
		<truncated>0</truncated>
		<difficult>0</difficult>
		<occluded>0</occluded>
		<bndbox>
			<xmin>25</xmin>
			<xmax>400</xmax>
			<ymin>1</ymin>
			<ymax>432</ymax>
		</bndbox>
	</object>
</annotation>