<annotation>
	<folder>mask/n01689811</folder>
	<filename>n01689811_2837</filename>
	<path>mask/n01689811/n01689811_2837.png</path>
	<size>
		<width>380</width>
		<height>355</height>
		<depth>3</depth>
	</size>
	<segmented>0</segmented>
	<object>
		<name>alligator_lizard</name>
		<pose>Unspecified</pose>
		<truncated>0</truncated>
		<difficult>0</difficult>
		<occluded>0</occluded>
		<bndbox>
			<xmin>45</xmin>
			<xmax>289</xmax>
			<ymin>67</ymin>
			<ymax>285</ymax>
		</bndbox>
	</object>
</annotation>