<annotation>
	<folder>mask/n01689811</folder>
	<filename>n01689811_5904</filename>
	<path>mask/n01689811/n01689811_5904.png</path>
	<size>
		<width>550</width>
		<height>637</height>
		<depth>3</depth>
	</size>
	<segmented>0</segmented>
	<object>
		<name>alligator_lizard</name>
		<pose>Unspecified</pose>
		<truncated>0</truncated>
		<difficult>0</difficult>
		<occluded>0</occluded>
		<bndbox>
			<xmin>76</xmin>
			<xmax>492</xmax>
			<ymin>85</ymin>
			<ymax>637</ymax>
		</bndbox>
	</object>
	<object>
		<name>alligator_lizard</name>
		<pose>Unspecified</pose>
		<truncated>0</truncated>
		<difficult>0</difficult>
		<occluded>0</occluded>
		<bndbox>
			<xmin>253</xmin>
			<xmax>262</xmax>
			<ymin>408</ymin>
			<ymax>418</ymax>
		</bndbox>
	</object>
</annotation>