<annotation>
	<folder>mask/n01689811</folder>
	<filename>n01689811_4460</filename>
	<path>mask/n01689811/n01689811_4460.png</path>
	<size>
		<width>450</width>
		<height>338</height>
		<depth>3</depth>
	</size>
	<segmented>0</segmented>
	<object>
		<name>alligator_lizard</name>
		<pose>Unspecified</pose>
		<truncated>0</truncated>
		<difficult>0</difficult>
		<occluded>0</occluded>
		<bndbox>
			<xmin>142</xmin>
			<xmax>378</xmax>
			<ymin>63</ymin>
			<ymax>183</ymax>
		</bndbox>
	</object>
	<object>
		<name>alligator_lizard</name>
		<pose>Unspecified</pose>
		<truncated>0</truncated>
		<difficult>0</difficult>
		<occluded>0</occluded>
		<bndbox>
			<xmin>33</xmin>
			<xmax>130</xmax>
			<ymin>65</ymin>
			<ymax>337</ymax>
		</bndbox>
	</object>
</annotation>