<annotation>
	<folder>mask/n01689811</folder>
	<filename>n01689811_7241</filename>
	<path>mask/n01689811/n01689811_7241.png</path>
	<size>
		<width>500</width>
		<height>356</height>
		<depth>3</depth>
	</size>
	<segmented>0</segmented>
	<object>
		<name>alligator_lizard</name>
		<pose>Unspecified</pose>
		<truncated>0</truncated>
		<difficult>0</difficult>
		<occluded>0</occluded>
		<bndbox>
			<xmin>160</xmin>
			<xmax>386</xmax>
			<ymin>123</ymin>
			<ymax>232</ymax>
		</bndbox>
	</object>
</annotation>