<annotation>
	<folder>mask/n01689811</folder>
	<filename>n01689811_5524</filename>
	<path>mask/n01689811/n01689811_5524.png</path>
	<size>
		<width>576</width>
		<height>428</height>
		<depth>3</depth>
	</size>
	<segmented>0</segmented>
	<object>
		<name>alligator_lizard</name>
		<pose>Unspecified</pose>
		<truncated>0</truncated>
		<difficult>0</difficult>
		<occluded>0</occluded>
		<bndbox>
			<xmin>0</xmin>
			<xmax>504</xmax>
			<ymin>64</ymin>
			<ymax>409</ymax>
		</bndbox>
	</object>
</annotation>