<annotation>
	<folder>mask/n01689811</folder>
	<filename>n01689811_3043</filename>
	<path>mask/n01689811/n01689811_3043.png</path>
	<size>
		<width>600</width>
		<height>450</height>
		<depth>3</depth>
	</size>
	<segmented>0</segmented>
	<object>
		<name>alligator_lizard</name>
		<pose>Unspecified</pose>
		<truncated>0</truncated>
		<difficult>0</difficult>
		<occluded>0</occluded>
		<bndbox>
			<xmin>16</xmin>
			<xmax>562</xmax>
			<ymin>74</ymin>
			<ymax>319</ymax>
		</bndbox>
	</object>
	<object>
		<name>alligator_lizard</name>
		<pose>Unspecified</pose>
		<truncated>0</truncated>
		<difficult>0</difficult>
		<occluded>0</occluded>
		<bndbox>
			<xmin>56</xmin>
			<xmax>68</xmax>
			<ymin>263</ymin>
			<ymax>273</ymax>
		</bndbox>
	</object>
</annotation>