<annotation>
	<folder>mask/n01689811</folder>
	<filename>n01689811_1900</filename>
	<path>mask/n01689811/n01689811_1900.png</path>
	<size>
		<width>410</width>
		<height>308</height>
		<depth>3</depth>
	</size>
	<segmented>0</segmented>
	<object>
		<name>alligator_lizard</name>
		<pose>Unspecified</pose>
		<truncated>0</truncated>
		<difficult>0</difficult>
		<occluded>0</occluded>
		<bndbox>
			<xmin>16</xmin>
			<xmax>410</xmax>
			<ymin>92</ymin>
			<ymax>294</ymax>
		</bndbox>
	</object>
</annotation>