<annotation>
	<folder>mask/n01689811</folder>
	<filename>n01689811_6741</filename>
	<path>mask/n01689811/n01689811_6741.png</path>
	<size>
		<width>500</width>
		<height>333</height>
		<depth>3</depth>
	</size>
	<segmented>0</segmented>
	<object>
		<name>alligator_lizard</name>
		<pose>Unspecified</pose>
		<truncated>0</truncated>
		<difficult>0</difficult>
		<occluded>0</occluded>
		<bndbox>
			<xmin>3</xmin>
			<xmax>447</xmax>
			<ymin>0</ymin>
			<ymax>198</ymax>
		</bndbox>
	</object>
	<object>
		<name>alligator_lizard</name>
		<pose>Unspecified</pose>
		<truncated>0</truncated>
		<difficult>0</difficult>
		<occluded>0</occluded>
		<bndbox>
			<xmin>405</xmin>
			<xmax>414</xmax>
			<ymin>193</ymin>
			<ymax>202</ymax>
		</bndbox>
	</object>
</annotation>