<annotation>
	<folder>mask/n01689811</folder>
	<filename>n01689811_6212</filename>
	<path>mask/n01689811/n01689811_6212.png</path>
	<size>
		<width>500</width>
		<height>323</height>
		<depth>3</depth>
	</size>
	<segmented>0</segmented>
	<object>
		<name>alligator_lizard</name>
		<pose>Unspecified</pose>
		<truncated>0</truncated>
		<difficult>0</difficult>
		<occluded>0</occluded>
		<bndbox>
			<xmin>52</xmin>
			<xmax>356</xmax>
			<ymin>51</ymin>
			<ymax>312</ymax>
		</bndbox>
	</object>
	<object>
		<name>alligator_lizard</name>
		<pose>Unspecified</pose>
		<truncated>0</truncated>
		<difficult>0</difficult>
		<occluded>0</occluded>
		<bndbox>
			<xmin>0</xmin>
			<xmax>42</xmax>
			<ymin>266</ymin>
			<ymax>318</ymax>
		</bndbox>
	</object>
</annotation>