<annotation>
	<folder>mask/n01689811</folder>
	<filename>n01689811_12896</filename>
	<path>mask/n01689811/n01689811_12896.png</path>
	<size>
		<width>500</width>
		<height>343</height>
		<depth>3</depth>
	</size>
	<segmented>0</segmented>
	<object>
		<name>alligator_lizard</name>
		<pose>Unspecified</pose>
		<truncated>0</truncated>
		<difficult>0</difficult>
		<occluded>0</occluded>
		<bndbox>
			<xmin>26</xmin>
			<xmax>465</xmax>
			<ymin>60</ymin>
			<ymax>256</ymax>
		</bndbox>
	</object>
	<object>
		<name>alligator_lizard</name>
		<pose>Unspecified</pose>
		<truncated>0</truncated>
		<difficult>0</difficult>
		<occluded>0</occluded>
		<bndbox>
			<xmin>443</xmin>
			<xmax>451</xmax>
			<ymin>207</ymin>
			<ymax>215</ymax>
		</bndbox>
	</object>
</annotation>