<annotation>
	<folder>mask/n01689811</folder>
	<filename>n01689811_6289</filename>
	<path>mask/n01689811/n01689811_6289.png</path>
	<size>
		<width>500</width>
		<height>375</height>
		<depth>3</depth>
	</size>
	<segmented>0</segmented>
	<object>
		<name>alligator_lizard</name>
		<pose>Unspecified</pose>
		<truncated>0</truncated>
		<difficult>0</difficult>
		<occluded>0</occluded>
		<bndbox>
			<xmin>54</xmin>
			<xmax>337</xmax>
			<ymin>166</ymin>
			<ymax>375</ymax>
		</bndbox>
	</object>
</annotation>