<annotation>
	<folder>mask/n01689811</folder>
	<filename>n01689811_2695</filename>
	<path>mask/n01689811/n01689811_2695.png</path>
	<size>
		<width>500</width>
		<height>375</height>
		<depth>3</depth>
	</size>
	<segmented>0</segmented>
	<object>
		<name>alligator_lizard</name>
		<pose>Unspecified</pose>
		<truncated>0</truncated>
		<difficult>0</difficult>
		<occluded>0</occluded>
		<bndbox>
			<xmin>86</xmin>
			<xmax>500</xmax>
			<ymin>108</ymin>
			<ymax>327</ymax>
		</bndbox>
	</object>
</annotation>