<annotation>
	<folder>mask/n01689811</folder>
	<filename>n01689811_3826</filename>
	<path>mask/n01689811/n01689811_3826.png</path>
	<size>
		<width>500</width>
		<height>333</height>
		<depth>3</depth>
	</size>
	<segmented>0</segmented>
	<object>
		<name>alligator_lizard</name>
		<pose>Unspecified</pose>
		<truncated>0</truncated>
		<difficult>0</difficult>
		<occluded>0</occluded>
		<bndbox>
			<xmin>112</xmin>
			<xmax>376</xmax>
			<ymin>110</ymin>
			<ymax>242</ymax>
		</bndbox>
	</object>
	<object>
		<name>alligator_lizard</name>
		<pose>Unspecified</pose>
		<truncated>0</truncated>
		<difficult>0</difficult>
		<occluded>0</occluded>
		<bndbox>
			<xmin>83</xmin>
			<xmax>109</xmax>
			<ymin>149</ymin>
			<ymax>168</ymax>
		</bndbox>
	</object>
</annotation>