<annotation>
	<folder>mask/n01689811</folder>
	<filename>n01689811_6367</filename>
	<path>mask/n01689811/n01689811_6367.png</path>
	<size>
		<width>500</width>
		<height>329</height>
		<depth>3</depth>
	</size>
	<segmented>0</segmented>
	<object>
		<name>alligator_lizard</name>
		<pose>Unspecified</pose>
		<truncated>0</truncated>
		<difficult>0</difficult>
		<occluded>0</occluded>
		<bndbox>
			<xmin>1</xmin>
			<xmax>442</xmax>
			<ymin>117</ymin>
			<ymax>228</ymax>
		</bndbox>
	</object>
</annotation>