<annotation>
	<folder>mask/n01689811</folder>
	<filename>n01689811_6606</filename>
	<path>mask/n01689811/n01689811_6606.png</path>
	<size>
		<width>345</width>
		<height>500</height>
		<depth>3</depth>
	</size>
	<segmented>0</segmented>
	<object>
		<name>alligator_lizard</name>
		<pose>Unspecified</pose>
		<truncated>0</truncated>
		<difficult>0</difficult>
		<occluded>0</occluded>
		<bndbox>
			<xmin>41</xmin>
			<xmax>315</xmax>
			<ymin>77</ymin>
			<ymax>442</ymax>
		</bndbox>
	</object>
</annotation>