<annotation>
	<folder>mask/n01689811</folder>
	<filename>n01689811_3211</filename>
	<path>mask/n01689811/n01689811_3211.png</path>
	<size>
		<width>702</width>
		<height>633</height>
		<depth>3</depth>
	</size>
	<segmented>0</segmented>
	<object>
		<name>alligator_lizard</name>
		<pose>Unspecified</pose>
		<truncated>0</truncated>
		<difficult>0</difficult>
		<occluded>0</occluded>
		<bndbox>
			<xmin>25</xmin>
			<xmax>647</xmax>
			<ymin>17</ymin>
			<ymax>630</ymax>
		</bndbox>
	</object>
	<object>
		<name>alligator_lizard</name>
		<pose>Unspecified</pose>
		<truncated>0</truncated>
		<difficult>0</difficult>
		<occluded>0</occluded>
		<bndbox>
			<xmin>562</xmin>
			<xmax>572</xmax>
			<ymin>152</ymin>
			<ymax>176</ymax>
		</bndbox>
	</object>
	<object>
		<name>alligator_lizard</name>
		<pose>Unspecified</pose>
		<truncated>0</truncated>
		<difficult>0</difficult>
		<occluded>0</occluded>
		<bndbox>
			<xmin>571</xmin>
			<xmax>670</xmax>
			<ymin>182</ymin>
			<ymax>320</ymax>
		</bndbox>
	</object>
</annotation>