<annotation>
	<folder>mask/n01689811</folder>
	<filename>n01689811_4490</filename>
	<path>mask/n01689811/n01689811_4490.png</path>
	<size>
		<width>450</width>
		<height>338</height>
		<depth>3</depth>
	</size>
	<segmented>0</segmented>
	<object>
		<name>alligator_lizard</name>
		<pose>Unspecified</pose>
		<truncated>0</truncated>
		<difficult>0</difficult>
		<occluded>0</occluded>
		<bndbox>
			<xmin>84</xmin>
			<xmax>450</xmax>
			<ymin>99</ymin>
			<ymax>338</ymax>
		</bndbox>
	</object>
</annotation>