<annotation>
	<folder>mask/n01689811</folder>
	<filename>n01689811_5906</filename>
	<path>mask/n01689811/n01689811_5906.png</path>
	<size>
		<width>500</width>
		<height>405</height>
		<depth>3</depth>
	</size>
	<segmented>0</segmented>
	<object>
		<name>alligator_lizard</name>
		<pose>Unspecified</pose>
		<truncated>0</truncated>
		<difficult>0</difficult>
		<occluded>0</occluded>
		<bndbox>
			<xmin>39</xmin>
			<xmax>474</xmax>
			<ymin>113</ymin>
			<ymax>317</ymax>
		</bndbox>
	</object>
	<object>
		<name>alligator_lizard</name>
		<pose>Unspecified</pose>
		<truncated>0</truncated>
		<difficult>0</difficult>
		<occluded>0</occluded>
		<bndbox>
			<xmin>165</xmin>
			<xmax>171</xmax>
			<ymin>188</ymin>
			<ymax>199</ymax>
		</bndbox>
	</object>
	<object>
		<name>alligator_lizard</name>
		<pose>Unspecified</pose>
		<truncated>0</truncated>
		<difficult>0</difficult>
		<occluded>0</occluded>
		<bndbox>
			<xmin>194</xmin>
			<xmax>199</xmax>
			<ymin>238</ymin>
			<ymax>249</ymax>
		</bndbox>
	</object>
</annotation>