<annotation>
	<folder>mask/n01689811</folder>
	<filename>n01689811_10864</filename>
	<path>mask/n01689811/n01689811_10864.png</path>
	<size>
		<width>333</width>
		<height>500</height>
		<depth>3</depth>
	</size>
	<segmented>0</segmented>
	<object>
		<name>alligator_lizard</name>
		<pose>Unspecified</pose>
		<truncated>0</truncated>
		<difficult>0</difficult>
		<occluded>0</occluded>
		<bndbox>
			<xmin>31</xmin>
			<xmax>333</xmax>
			<ymin>24</ymin>
			<ymax>500</ymax>
		</bndbox>
	</object>
	<object>
		<name>alligator_lizard</name>
		<pose>Unspecified</pose>
		<truncated>0</truncated>
		<difficult>0</difficult>
		<occluded>0</occluded>
		<bndbox>
			<xmin>261</xmin>
			<xmax>274</xmax>
			<ymin>427</ymin>
			<ymax>443</ymax>
		</bndbox>
	</object>
</annotation>