<annotation>
	<folder>mask/n01689811</folder>
	<filename>n01689811_5754</filename>
	<path>mask/n01689811/n01689811_5754.png</path>
	<size>
		<width>500</width>
		<height>436</height>
		<depth>3</depth>
	</size>
	<segmented>0</segmented>
	<object>
		<name>alligator_lizard</name>
		<pose>Unspecified</pose>
		<truncated>0</truncated>
		<difficult>0</difficult>
		<occluded>0</occluded>
		<bndbox>
			<xmin>142</xmin>
			<xmax>244</xmax>
			<ymin>164</ymin>
			<ymax>253</ymax>
		</bndbox>
	</object>
	<object>
		<name>alligator_lizard</name>
		<pose>Unspecified</pose>
		<truncated>0</truncated>
		<difficult>0</difficult>
		<occluded>0</occluded>
		<bndbox>
			<xmin>179</xmin>
			<xmax>213</xmax>
			<ymin>314</ymin>
			<ymax>434</ymax>
		</bndbox>
	</object>
</annotation>