<annotation>
	<folder>mask/n01689811</folder>
	<filename>n01689811_1624</filename>
	<path>mask/n01689811/n01689811_1624.png</path>
	<size>
		<width>500</width>
		<height>332</height>
		<depth>3</depth>
	</size>
	<segmented>0</segmented>
	<object>
		<name>alligator_lizard</name>
		<pose>Unspecified</pose>
		<truncated>0</truncated>
		<difficult>0</difficult>
		<occluded>0</occluded>
		<bndbox>
			<xmin>0</xmin>
			<xmax>446</xmax>
			<ymin>110</ymin>
			<ymax>330</ymax>
		</bndbox>
	</object>
</annotation>