<annotation>
	<folder>mask/n01689811</folder>
	<filename>n01689811_4143</filename>
	<path>mask/n01689811/n01689811_4143.png</path>
	<size>
		<width>379</width>
		<height>500</height>
		<depth>3</depth>
	</size>
	<segmented>0</segmented>
	<object>
		<name>alligator_lizard</name>
		<pose>Unspecified</pose>
		<truncated>0</truncated>
		<difficult>0</difficult>
		<occluded>0</occluded>
		<bndbox>
			<xmin>32</xmin>
			<xmax>308</xmax>
			<ymin>82</ymin>
			<ymax>452</ymax>
		</bndbox>
	</object>
	<object>
		<name>alligator_lizard</name>
		<pose>Unspecified</pose>
		<truncated>0</truncated>
		<difficult>0</difficult>
		<occluded>0</occluded>
		<bndbox>
			<xmin>36</xmin>
			<xmax>96</xmax>
			<ymin>444</ymin>
			<ymax>500</ymax>
		</bndbox>
	</object>
</annotation>