<annotation>
	<folder>mask/n01689811</folder>
	<filename>n01689811_340</filename>
	<path>mask/n01689811/n01689811_340.png</path>
	<size>
		<width>500</width>
		<height>301</height>
		<depth>3</depth>
	</size>
	<segmented>0</segmented>
	<object>
		<name>alligator_lizard</name>
		<pose>Unspecified</pose>
		<truncated>0</truncated>
		<difficult>0</difficult>
		<occluded>0</occluded>
		<bndbox>
			<xmin>46</xmin>
			<xmax>403</xmax>
			<ymin>59</ymin>
			<ymax>174</ymax>
		</bndbox>
	</object>
	<object>
		<name>alligator_lizard</name>
		<pose>Unspecified</pose>
		<truncated>0</truncated>
		<difficult>0</difficult>
		<occluded>0</occluded>
		<bndbox>
			<xmin>405</xmin>
			<xmax>500</xmax>
			<ymin>140</ymin>
			<ymax>203</ymax>
		</bndbox>
	</object>
</annotation>