<annotation>
	<folder>mask/n01689811</folder>
	<filename>n01689811_5394</filename>
	<path>mask/n01689811/n01689811_5394.png</path>
	<size>
		<width>640</width>
		<height>480</height>
		<depth>3</depth>
	</size>
	<segmented>0</segmented>
	<object>
		<name>alligator_lizard</name>
		<pose>Unspecified</pose>
		<truncated>0</truncated>
		<difficult>0</difficult>
		<occluded>0</occluded>
		<bndbox>
			<xmin>0</xmin>
			<xmax>554</xmax>
			<ymin>156</ymin>
			<ymax>326</ymax>
		</bndbox>
	</object>
</annotation>