<annotation>
	<folder>mask/n01689811</folder>
	<filename>n01689811_11047</filename>
	<path>mask/n01689811/n01689811_11047.png</path>
	<size>
		<width>500</width>
		<height>335</height>
		<depth>3</depth>
	</size>
	<segmented>0</segmented>
	<object>
		<name>alligator_lizard</name>
		<pose>Unspecified</pose>
		<truncated>0</truncated>
		<difficult>0</difficult>
		<occluded>0</occluded>
		<bndbox>
			<xmin>0</xmin>
			<xmax>499</xmax>
			<ymin>85</ymin>
			<ymax>332</ymax>
		</bndbox>
	</object>
	<object>
		<name>alligator_lizard</name>
		<pose>Unspecified</pose>
		<truncated>0</truncated>
		<difficult>0</difficult>
		<occluded>0</occluded>
		<bndbox>
			<xmin>470</xmin>
			<xmax>477</xmax>
			<ymin>294</ymin>
			<ymax>301</ymax>
		</bndbox>
	</object>
</annotation>