<annotation>
	<folder>mask/n01689811</folder>
	<filename>n01689811_4111</filename>
	<path>mask/n01689811/n01689811_4111.png</path>
	<size>
		<width>337</width>
		<height>500</height>
		<depth>3</depth>
	</size>
	<segmented>0</segmented>
	<object>
		<name>alligator_lizard</name>
		<pose>Unspecified</pose>
		<truncated>0</truncated>
		<difficult>0</difficult>
		<occluded>0</occluded>
		<bndbox>
			<xmin>28</xmin>
			<xmax>281</xmax>
			<ymin>54</ymin>
			<ymax>463</ymax>
		</bndbox>
	</object>
</annotation>