<annotation>
	<folder>mask/n01689811</folder>
	<filename>n01689811_2202</filename>
	<path>mask/n01689811/n01689811_2202.png</path>
	<size>
		<width>496</width>
		<height>460</height>
		<depth>3</depth>
	</size>
	<segmented>0</segmented>
	<object>
		<name>alligator_lizard</name>
		<pose>Unspecified</pose>
		<truncated>0</truncated>
		<difficult>0</difficult>
		<occluded>0</occluded>
		<bndbox>
			<xmin>112</xmin>
			<xmax>402</xmax>
			<ymin>141</ymin>
			<ymax>236</ymax>
		</bndbox>
	</object>
</annotation>