<annotation>
	<folder>mask/n01689811</folder>
	<filename>n01689811_5431</filename>
	<path>mask/n01689811/n01689811_5431.png</path>
	<size>
		<width>347</width>
		<height>194</height>
		<depth>3</depth>
	</size>
	<segmented>0</segmented>
	<object>
		<name>alligator_lizard</name>
		<pose>Unspecified</pose>
		<truncated>0</truncated>
		<difficult>0</difficult>
		<occluded>0</occluded>
		<bndbox>
			<xmin>4</xmin>
			<xmax>347</xmax>
			<ymin>32</ymin>
			<ymax>135</ymax>
		</bndbox>
	</object>
</annotation>