<annotation>
	<folder>mask/n01689811</folder>
	<filename>n01689811_5785</filename>
	<path>mask/n01689811/n01689811_5785.png</path>
	<size>
		<width>500</width>
		<height>375</height>
		<depth>3</depth>
	</size>
	<segmented>0</segmented>
	<object>
		<name>alligator_lizard</name>
		<pose>Unspecified</pose>
		<truncated>0</truncated>
		<difficult>0</difficult>
		<occluded>0</occluded>
		<bndbox>
			<xmin>108</xmin>
			<xmax>336</xmax>
			<ymin>56</ymin>
			<ymax>363</ymax>
		</bndbox>
	</object>
	<object>
		<name>alligator_lizard</name>
		<pose>Unspecified</pose>
		<truncated>0</truncated>
		<difficult>0</difficult>
		<occluded>0</occluded>
		<bndbox>
			<xmin>293</xmin>
			<xmax>419</xmax>
			<ymin>176</ymin>
			<ymax>338</ymax>
		</bndbox>
	</object>
</annotation>