<annotation>
	<folder>mask/n01689811</folder>
	<filename>n01689811_6451</filename>
	<path>mask/n01689811/n01689811_6451.png</path>
	<size>
		<width>500</width>
		<height>437</height>
		<depth>3</depth>
	</size>
	<segmented>0</segmented>
	<object>
		<name>alligator_lizard</name>
		<pose>Unspecified</pose>
		<truncated>0</truncated>
		<difficult>0</difficult>
		<occluded>0</occluded>
		<bndbox>
			<xmin>256</xmin>
			<xmax>500</xmax>
			<ymin>181</ymin>
			<ymax>417</ymax>
		</bndbox>
	</object>
</annotation>