<annotation>
	<folder>mask/n01689811</folder>
	<filename>n01689811_6363</filename>
	<path>mask/n01689811/n01689811_6363.png</path>
	<size>
		<width>500</width>
		<height>334</height>
		<depth>3</depth>
	</size>
	<segmented>0</segmented>
	<object>
		<name>alligator_lizard</name>
		<pose>Unspecified</pose>
		<truncated>0</truncated>
		<difficult>0</difficult>
		<occluded>0</occluded>
		<bndbox>
			<xmin>58</xmin>
			<xmax>479</xmax>
			<ymin>84</ymin>
			<ymax>280</ymax>
		</bndbox>
	</object>
	<object>
		<name>alligator_lizard</name>
		<pose>Unspecified</pose>
		<truncated>0</truncated>
		<difficult>0</difficult>
		<occluded>0</occluded>
		<bndbox>
			<xmin>15</xmin>
			<xmax>59</xmax>
			<ymin>229</ymin>
			<ymax>272</ymax>
		</bndbox>
	</object>
</annotation>