<annotation>
	<folder>mask/n01689811</folder>
	<filename>n01689811_5203</filename>
	<path>mask/n01689811/n01689811_5203.png</path>
	<size>
		<width>600</width>
		<height>400</height>
		<depth>3</depth>
	</size>
	<segmented>0</segmented>
	<object>
		<name>alligator_lizard</name>
		<pose>Unspecified</pose>
		<truncated>0</truncated>
		<difficult>0</difficult>
		<occluded>0</occluded>
		<bndbox>
			<xmin>31</xmin>
			<xmax>549</xmax>
			<ymin>150</ymin>
			<ymax>333</ymax>
		</bndbox>
	</object>
</annotation>