<annotation>
	<folder>mask/n01689811</folder>
	<filename>n01689811_3404</filename>
	<path>mask/n01689811/n01689811_3404.png</path>
	<size>
		<width>232</width>
		<height>176</height>
		<depth>3</depth>
	</size>
	<segmented>0</segmented>
	<object>
		<name>alligator_lizard</name>
		<pose>Unspecified</pose>
		<truncated>0</truncated>
		<difficult>0</difficult>
		<occluded>0</occluded>
		<bndbox>
			<xmin>0</xmin>
			<xmax>227</xmax>
			<ymin>27</ymin>
			<ymax>175</ymax>
		</bndbox>
	</object>
</annotation>