<annotation>
	<folder>mask/n01689811</folder>
	<filename>n01689811_8981</filename>
	<path>mask/n01689811/n01689811_8981.png</path>
	<size>
		<width>500</width>
		<height>375</height>
		<depth>3</depth>
	</size>
	<segmented>0</segmented>
	<object>
		<name>alligator_lizard</name>
		<pose>Unspecified</pose>
		<truncated>0</truncated>
		<difficult>0</difficult>
		<occluded>0</occluded>
		<bndbox>
			<xmin>22</xmin>
			<xmax>433</xmax>
			<ymin>88</ymin>
			<ymax>275</ymax>
		</bndbox>
	</object>
	<object>
		<name>alligator_lizard</name>
		<pose>Unspecified</pose>
		<truncated>0</truncated>
		<difficult>0</difficult>
		<occluded>0</occluded>
		<bndbox>
			<xmin>292</xmin>
			<xmax>304</xmax>
			<ymin>215</ymin>
			<ymax>229</ymax>
		</bndbox>
	</object>
</annotation>