<annotation>
	<folder>mask/n01689811</folder>
	<filename>n01689811_4472</filename>
	<path>mask/n01689811/n01689811_4472.png</path>
	<size>
		<width>500</width>
		<height>375</height>
		<depth>3</depth>
	</size>
	<segmented>0</segmented>
	<object>
		<name>alligator_lizard</name>
		<pose>Unspecified</pose>
		<truncated>0</truncated>
		<difficult>0</difficult>
		<occluded>0</occluded>
		<bndbox>
			<xmin>126</xmin>
			<xmax>500</xmax>
			<ymin>53</ymin>
			<ymax>287</ymax>
		</bndbox>
	</object>
</annotation>