<annotation>
	<folder>mask/n01689811</folder>
	<filename>n01689811_5988</filename>
	<path>mask/n01689811/n01689811_5988.png</path>
	<size>
		<width>500</width>
		<height>375</height>
		<depth>3</depth>
	</size>
	<segmented>0</segmented>
	<object>
		<name>alligator_lizard</name>
		<pose>Unspecified</pose>
		<truncated>0</truncated>
		<difficult>0</difficult>
		<occluded>0</occluded>
		<bndbox>
			<xmin>144</xmin>
			<xmax>371</xmax>
			<ymin>62</ymin>
			<ymax>375</ymax>
		</bndbox>
	</object>
	<object>
		<name>alligator_lizard</name>
		<pose>Unspecified</pose>
		<truncated>0</truncated>
		<difficult>0</difficult>
		<occluded>0</occluded>
		<bndbox>
			<xmin>311</xmin>
			<xmax>333</xmax>
			<ymin>206</ymin>
			<ymax>223</ymax>
		</bndbox>
	</object>
</annotation>