<annotation>
	<folder>mask/n01689811</folder>
	<filename>n01689811_4737</filename>
	<path>mask/n01689811/n01689811_4737.png</path>
	<size>
		<width>500</width>
		<height>358</height>
		<depth>3</depth>
	</size>
	<segmented>0</segmented>
	<object>
		<name>alligator_lizard</name>
		<pose>Unspecified</pose>
		<truncated>0</truncated>
		<difficult>0</difficult>
		<occluded>0</occluded>
		<bndbox>
			<xmin>165</xmin>
			<xmax>397</xmax>
			<ymin>55</ymin>
			<ymax>200</ymax>
		</bndbox>
	</object>
	<object>
		<name>alligator_lizard</name>
		<pose>Unspecified</pose>
		<truncated>0</truncated>
		<difficult>0</difficult>
		<occluded>0</occluded>
		<bndbox>
			<xmin>82</xmin>
			<xmax>190</xmax>
			<ymin>67</ymin>
			<ymax>324</ymax>
		</bndbox>
	</object>
	<object>
		<name>alligator_lizard</name>
		<pose>Unspecified</pose>
		<truncated>0</truncated>
		<difficult>0</difficult>
		<occluded>0</occluded>
		<bndbox>
			<xmin>82</xmin>
			<xmax>96</xmax>
			<ymin>322</ymin>
			<ymax>336</ymax>
		</bndbox>
	</object>
</annotation>