<annotation>
	<folder>mask/n01689811</folder>
	<filename>n01689811_4151</filename>
	<path>mask/n01689811/n01689811_4151.png</path>
	<size>
		<width>500</width>
		<height>244</height>
		<depth>3</depth>
	</size>
	<segmented>0</segmented>
	<object>
		<name>alligator_lizard</name>
		<pose>Unspecified</pose>
		<truncated>0</truncated>
		<difficult>0</difficult>
		<occluded>0</occluded>
		<bndbox>
			<xmin>18</xmin>
			<xmax>448</xmax>
			<ymin>96</ymin>
			<ymax>167</ymax>
		</bndbox>
	</object>
	<object>
		<name>alligator_lizard</name>
		<pose>Unspecified</pose>
		<truncated>0</truncated>
		<difficult>0</difficult>
		<occluded>0</occluded>
		<bndbox>
			<xmin>446</xmin>
			<xmax>500</xmax>
			<ymin>120</ymin>
			<ymax>149</ymax>
		</bndbox>
	</object>
</annotation>