<annotation>
	<folder>mask/n01689811</folder>
	<filename>n01689811_7333</filename>
	<path>mask/n01689811/n01689811_7333.png</path>
	<size>
		<width>500</width>
		<height>334</height>
		<depth>3</depth>
	</size>
	<segmented>0</segmented>
	<object>
		<name>alligator_lizard</name>
		<pose>Unspecified</pose>
		<truncated>0</truncated>
		<difficult>0</difficult>
		<occluded>0</occluded>
		<bndbox>
			<xmin>249</xmin>
			<xmax>351</xmax>
			<ymin>64</ymin>
			<ymax>155</ymax>
		</bndbox>
	</object>
	<object>
		<name>alligator_lizard</name>
		<pose>Unspecified</pose>
		<truncated>0</truncated>
		<difficult>0</difficult>
		<occluded>0</occluded>
		<bndbox>
			<xmin>103</xmin>
			<xmax>185</xmax>
			<ymin>152</ymin>
			<ymax>292</ymax>
		</bndbox>
	</object>
</annotation>