<annotation>
	<folder>mask/n01689811</folder>
	<filename>n01689811_5486</filename>
	<path>mask/n01689811/n01689811_5486.png</path>
	<size>
		<width>384</width>
		<height>256</height>
		<depth>3</depth>
	</size>
	<segmented>0</segmented>
	<object>
		<name>alligator_lizard</name>
		<pose>Unspecified</pose>
		<truncated>0</truncated>
		<difficult>0</difficult>
		<occluded>0</occluded>
		<bndbox>
			<xmin>60</xmin>
			<xmax>372</xmax>
			<ymin>143</ymin>
			<ymax>256</ymax>
		</bndbox>
	</object>
</annotation>