<annotation>
	<folder>mask/n01689811</folder>
	<filename>n01689811_6012</filename>
	<path>mask/n01689811/n01689811_6012.png</path>
	<size>
		<width>500</width>
		<height>333</height>
		<depth>3</depth>
	</size>
	<segmented>0</segmented>
	<object>
		<name>alligator_lizard</name>
		<pose>Unspecified</pose>
		<truncated>0</truncated>
		<difficult>0</difficult>
		<occluded>0</occluded>
		<bndbox>
			<xmin>0</xmin>
			<xmax>500</xmax>
			<ymin>40</ymin>
			<ymax>314</ymax>
		</bndbox>
	</object>
	<object>
		<name>alligator_lizard</name>
		<pose>Unspecified</pose>
		<truncated>0</truncated>
		<difficult>0</difficult>
		<occluded>0</occluded>
		<bndbox>
			<xmin>36</xmin>
			<xmax>43</xmax>
			<ymin>253</ymin>
			<ymax>260</ymax>
		</bndbox>
	</object>
</annotation>