<annotation>
	<folder>mask/n01689811</folder>
	<filename>n01689811_9060</filename>
	<path>mask/n01689811/n01689811_9060.png</path>
	<size>
		<width>500</width>
		<height>272</height>
		<depth>3</depth>
	</size>
	<segmented>0</segmented>
	<object>
		<name>alligator_lizard</name>
		<pose>Unspecified</pose>
		<truncated>0</truncated>
		<difficult>0</difficult>
		<occluded>0</occluded>
		<bndbox>
			<xmin>34</xmin>
			<xmax>495</xmax>
			<ymin>80</ymin>
			<ymax>266</ymax>
		</bndbox>
	</object>
	<object>
		<name>alligator_lizard</name>
		<pose>Unspecified</pose>
		<truncated>0</truncated>
		<difficult>0</difficult>
		<occluded>0</occluded>
		<bndbox>
			<xmin>134</xmin>
			<xmax>147</xmax>
			<ymin>126</ymin>
			<ymax>144</ymax>
		</bndbox>
	</object>
</annotation>