<annotation>
	<folder>mask/n01689811</folder>
	<filename>n01689811_3712</filename>
	<path>mask/n01689811/n01689811_3712.png</path>
	<size>
		<width>500</width>
		<height>375</height>
		<depth>3</depth>
	</size>
	<segmented>0</segmented>
	<object>
		<name>alligator_lizard</name>
		<pose>Unspecified</pose>
		<truncated>0</truncated>
		<difficult>0</difficult>
		<occluded>0</occluded>
		<bndbox>
			<xmin>116</xmin>
			<xmax>427</xmax>
			<ymin>135</ymin>
			<ymax>346</ymax>
		</bndbox>
	</object>
	<object>
		<name>alligator_lizard</name>
		<pose>Unspecified</pose>
		<truncated>0</truncated>
		<difficult>0</difficult>
		<occluded>0</occluded>
		<bndbox>
			<xmin>214</xmin>
			<xmax>221</xmax>
			<ymin>212</ymin>
			<ymax>220</ymax>
		</bndbox>
	</object>
</annotation>