<annotation>
	<folder>mask/n01689811</folder>
	<filename>n01689811_5612</filename>
	<path>mask/n01689811/n01689811_5612.png</path>
	<size>
		<width>911</width>
		<height>607</height>
		<depth>3</depth>
	</size>
	<segmented>0</segmented>
	<object>
		<name>alligator_lizard</name>
		<pose>Unspecified</pose>
		<truncated>0</truncated>
		<difficult>0</difficult>
		<occluded>0</occluded>
		<bndbox>
			<xmin>237</xmin>
			<xmax>695</xmax>
			<ymin>106</ymin>
			<ymax>607</ymax>
		</bndbox>
	</object>
</annotation>