<annotation>
	<folder>mask/n01689811</folder>
	<filename>n01689811_3390</filename>
	<path>mask/n01689811/n01689811_3390.png</path>
	<size>
		<width>500</width>
		<height>375</height>
		<depth>3</depth>
	</size>
	<segmented>0</segmented>
	<object>
		<name>alligator_lizard</name>
		<pose>Unspecified</pose>
		<truncated>0</truncated>
		<difficult>0</difficult>
		<occluded>0</occluded>
		<bndbox>
			<xmin>66</xmin>
			<xmax>401</xmax>
			<ymin>94</ymin>
			<ymax>260</ymax>
		</bndbox>
	</object>
	<object>
		<name>alligator_lizard</name>
		<pose>Unspecified</pose>
		<truncated>0</truncated>
		<difficult>0</difficult>
		<occluded>0</occluded>
		<bndbox>
			<xmin>306</xmin>
			<xmax>325</xmax>
			<ymin>181</ymin>
			<ymax>200</ymax>
		</bndbox>
	</object>
</annotation>