<annotation>
	<folder>mask/n01689811</folder>
	<filename>n01689811_6400</filename>
	<path>mask/n01689811/n01689811_6400.png</path>
	<size>
		<width>353</width>
		<height>500</height>
		<depth>3</depth>
	</size>
	<segmented>0</segmented>
	<object>
		<name>alligator_lizard</name>
		<pose>Unspecified</pose>
		<truncated>0</truncated>
		<difficult>0</difficult>
		<occluded>0</occluded>
		<bndbox>
			<xmin>56</xmin>
			<xmax>285</xmax>
			<ymin>88</ymin>
			<ymax>500</ymax>
		</bndbox>
	</object>
</annotation>