<annotation>
	<folder>mask/n01689811</folder>
	<filename>n01689811_6938</filename>
	<path>mask/n01689811/n01689811_6938.png</path>
	<size>
		<width>332</width>
		<height>500</height>
		<depth>3</depth>
	</size>
	<segmented>0</segmented>
	<object>
		<name>alligator_lizard</name>
		<pose>Unspecified</pose>
		<truncated>0</truncated>
		<difficult>0</difficult>
		<occluded>0</occluded>
		<bndbox>
			<xmin>58</xmin>
			<xmax>223</xmax>
			<ymin>355</ymin>
			<ymax>468</ymax>
		</bndbox>
	</object>
	<object>
		<name>alligator_lizard</name>
		<pose>Unspecified</pose>
		<truncated>0</truncated>
		<difficult>0</difficult>
		<occluded>0</occluded>
		<bndbox>
			<xmin>187</xmin>
			<xmax>198</xmax>
			<ymin>444</ymin>
			<ymax>452</ymax>
		</bndbox>
	</object>
</annotation>