<annotation>
	<folder>mask/n01689811</folder>
	<filename>n01689811_3097</filename>
	<path>mask/n01689811/n01689811_3097.png</path>
	<size>
		<width>504</width>
		<height>337</height>
		<depth>3</depth>
	</size>
	<segmented>0</segmented>
	<object>
		<name>alligator_lizard</name>
		<pose>Unspecified</pose>
		<truncated>0</truncated>
		<difficult>0</difficult>
		<occluded>0</occluded>
		<bndbox>
			<xmin>93</xmin>
			<xmax>460</xmax>
			<ymin>34</ymin>
			<ymax>110</ymax>
		</bndbox>
	</object>
	<object>
		<name>alligator_lizard</name>
		<pose>Unspecified</pose>
		<truncated>0</truncated>
		<difficult>0</difficult>
		<occluded>0</occluded>
		<bndbox>
			<xmin>20</xmin>
			<xmax>93</xmax>
			<ymin>203</ymin>
			<ymax>337</ymax>
		</bndbox>
	</object>
</annotation>