<annotation>
	<folder>mask/n01689811</folder>
	<filename>n01689811_9990</filename>
	<path>mask/n01689811/n01689811_9990.png</path>
	<size>
		<width>349</width>
		<height>500</height>
		<depth>3</depth>
	</size>
	<segmented>0</segmented>
	<object>
		<name>alligator_lizard</name>
		<pose>Unspecified</pose>
		<truncated>0</truncated>
		<difficult>0</difficult>
		<occluded>0</occluded>
		<bndbox>
			<xmin>109</xmin>
			<xmax>216</xmax>
			<ymin>122</ymin>
			<ymax>345</ymax>
		</bndbox>
	</object>
</annotation>