<annotation>
	<folder>mask/n01689811</folder>
	<filename>n01689811_3223</filename>
	<path>mask/n01689811/n01689811_3223.png</path>
	<size>
		<width>418</width>
		<height>363</height>
		<depth>3</depth>
	</size>
	<segmented>0</segmented>
	<object>
		<name>alligator_lizard</name>
		<pose>Unspecified</pose>
		<truncated>0</truncated>
		<difficult>0</difficult>
		<occluded>0</occluded>
		<bndbox>
			<xmin>56</xmin>
			<xmax>346</xmax>
			<ymin>56</ymin>
			<ymax>354</ymax>
		</bndbox>
	</object>
</annotation>