<annotation>
	<folder>mask/n01689811</folder>
	<filename>n01689811_5269</filename>
	<path>mask/n01689811/n01689811_5269.png</path>
	<size>
		<width>181</width>
		<height>250</height>
		<depth>3</depth>
	</size>
	<segmented>0</segmented>
	<object>
		<name>alligator_lizard</name>
		<pose>Unspecified</pose>
		<truncated>0</truncated>
		<difficult>0</difficult>
		<occluded>0</occluded>
		<bndbox>
			<xmin>32</xmin>
			<xmax>142</xmax>
			<ymin>34</ymin>
			<ymax>219</ymax>
		</bndbox>
	</object>
</annotation>