<annotation>
	<folder>mask/n01689811</folder>
	<filename>n01689811_6788</filename>
	<path>mask/n01689811/n01689811_6788.png</path>
	<size>
		<width>375</width>
		<height>500</height>
		<depth>3</depth>
	</size>
	<segmented>0</segmented>
	<object>
		<name>alligator_lizard</name>
		<pose>Unspecified</pose>
		<truncated>0</truncated>
		<difficult>0</difficult>
		<occluded>0</occluded>
		<bndbox>
			<xmin>7</xmin>
			<xmax>359</xmax>
			<ymin>107</ymin>
			<ymax>484</ymax>
		</bndbox>
	</object>
	<object>
		<name>alligator_lizard</name>
		<pose>Unspecified</pose>
		<truncated>0</truncated>
		<difficult>0</difficult>
		<occluded>0</occluded>
		<bndbox>
			<xmin>150</xmin>
			<xmax>156</xmax>
			<ymin>314</ymin>
			<ymax>322</ymax>
		</bndbox>
	</object>
</annotation>