<annotation>
	<folder>mask/n01689811</folder>
	<filename>n01689811_5337</filename>
	<path>mask/n01689811/n01689811_5337.png</path>
	<size>
		<width>215</width>
		<height>150</height>
		<depth>3</depth>
	</size>
	<segmented>0</segmented>
	<object>
		<name>alligator_lizard</name>
		<pose>Unspecified</pose>
		<truncated>0</truncated>
		<difficult>0</difficult>
		<occluded>0</occluded>
		<bndbox>
			<xmin>5</xmin>
			<xmax>215</xmax>
			<ymin>5</ymin>
			<ymax>138</ymax>
		</bndbox>
	</object>
</annotation>