<annotation>
	<folder>mask/n01689811</folder>
	<filename>n01689811_2713</filename>
	<path>mask/n01689811/n01689811_2713.png</path>
	<size>
		<width>188</width>
		<height>250</height>
		<depth>3</depth>
	</size>
	<segmented>0</segmented>
	<object>
		<name>alligator_lizard</name>
		<pose>Unspecified</pose>
		<truncated>0</truncated>
		<difficult>0</difficult>
		<occluded>0</occluded>
		<bndbox>
			<xmin>1</xmin>
			<xmax>175</xmax>
			<ymin>37</ymin>
			<ymax>206</ymax>
		</bndbox>
	</object>
</annotation>