<annotation>
	<folder>mask/n01689811</folder>
	<filename>n01689811_2846</filename>
	<path>mask/n01689811/n01689811_2846.png</path>
	<size>
		<width>500</width>
		<height>331</height>
		<depth>3</depth>
	</size>
	<segmented>0</segmented>
	<object>
		<name>alligator_lizard</name>
		<pose>Unspecified</pose>
		<truncated>0</truncated>
		<difficult>0</difficult>
		<occluded>0</occluded>
		<bndbox>
			<xmin>0</xmin>
			<xmax>322</xmax>
			<ymin>18</ymin>
			<ymax>177</ymax>
		</bndbox>
	</object>
</annotation>