<annotation>
	<folder>mask/n01689811</folder>
	<filename>n01689811_1369</filename>
	<path>mask/n01689811/n01689811_1369.png</path>
	<size>
		<width>320</width>
		<height>229</height>
		<depth>3</depth>
	</size>
	<segmented>0</segmented>
	<object>
		<name>alligator_lizard</name>
		<pose>Unspecified</pose>
		<truncated>0</truncated>
		<difficult>0</difficult>
		<occluded>0</occluded>
		<bndbox>
			<xmin>154</xmin>
			<xmax>249</xmax>
			<ymin>61</ymin>
			<ymax>120</ymax>
		</bndbox>
	</object>
</annotation>