<annotation>
	<folder>mask/n01689811</folder>
	<filename>n01689811_7199</filename>
	<path>mask/n01689811/n01689811_7199.png</path>
	<size>
		<width>500</width>
		<height>367</height>
		<depth>3</depth>
	</size>
	<segmented>0</segmented>
	<object>
		<name>alligator_lizard</name>
		<pose>Unspecified</pose>
		<truncated>0</truncated>
		<difficult>0</difficult>
		<occluded>0</occluded>
		<bndbox>
			<xmin>25</xmin>
			<xmax>457</xmax>
			<ymin>106</ymin>
			<ymax>242</ymax>
		</bndbox>
	</object>
</annotation>