<annotation>
	<folder>mask/n01689811</folder>
	<filename>n01689811_3726</filename>
	<path>mask/n01689811/n01689811_3726.png</path>
	<size>
		<width>600</width>
		<height>739</height>
		<depth>3</depth>
	</size>
	<segmented>0</segmented>
	<object>
		<name>alligator_lizard</name>
		<pose>Unspecified</pose>
		<truncated>0</truncated>
		<difficult>0</difficult>
		<occluded>0</occluded>
		<bndbox>
			<xmin>205</xmin>
			<xmax>534</xmax>
			<ymin>94</ymin>
			<ymax>739</ymax>
		</bndbox>
	</object>
</annotation>