<annotation>
	<folder>mask/n01689811</folder>
	<filename>n01689811_12730</filename>
	<path>mask/n01689811/n01689811_12730.png</path>
	<size>
		<width>334</width>
		<height>500</height>
		<depth>3</depth>
	</size>
	<segmented>0</segmented>
	<object>
		<name>alligator_lizard</name>
		<pose>Unspecified</pose>
		<truncated>0</truncated>
		<difficult>0</difficult>
		<occluded>0</occluded>
		<bndbox>
			<xmin>1</xmin>
			<xmax>286</xmax>
			<ymin>89</ymin>
			<ymax>499</ymax>
		</bndbox>
	</object>
</annotation>