<annotation>
	<folder>mask/n01689811</folder>
	<filename>n01689811_8267</filename>
	<path>mask/n01689811/n01689811_8267.png</path>
	<size>
		<width>333</width>
		<height>500</height>
		<depth>3</depth>
	</size>
	<segmented>0</segmented>
	<object>
		<name>alligator_lizard</name>
		<pose>Unspecified</pose>
		<truncated>0</truncated>
		<difficult>0</difficult>
		<occluded>0</occluded>
		<bndbox>
			<xmin>57</xmin>
			<xmax>265</xmax>
			<ymin>131</ymin>
			<ymax>435</ymax>
		</bndbox>
	</object>
	<object>
		<name>alligator_lizard</name>
		<pose>Unspecified</pose>
		<truncated>0</truncated>
		<difficult>0</difficult>
		<occluded>0</occluded>
		<bndbox>
			<xmin>142</xmin>
			<xmax>149</xmax>
			<ymin>167</ymin>
			<ymax>177</ymax>
		</bndbox>
	</object>
</annotation>