<annotation>
	<folder>mask/n01689811</folder>
	<filename>n01689811_3167</filename>
	<path>mask/n01689811/n01689811_3167.png</path>
	<size>
		<width>329</width>
		<height>223</height>
		<depth>3</depth>
	</size>
	<segmented>0</segmented>
	<object>
		<name>alligator_lizard</name>
		<pose>Unspecified</pose>
		<truncated>0</truncated>
		<difficult>0</difficult>
		<occluded>0</occluded>
		<bndbox>
			<xmin>15</xmin>
			<xmax>307</xmax>
			<ymin>62</ymin>
			<ymax>196</ymax>
		</bndbox>
	</object>
</annotation>