<annotation>
	<folder>mask/n01689811</folder>
	<filename>n01689811_10982</filename>
	<path>mask/n01689811/n01689811_10982.png</path>
	<size>
		<width>500</width>
		<height>341</height>
		<depth>3</depth>
	</size>
	<segmented>0</segmented>
	<object>
		<name>alligator_lizard</name>
		<pose>Unspecified</pose>
		<truncated>0</truncated>
		<difficult>0</difficult>
		<occluded>0</occluded>
		<bndbox>
			<xmin>0</xmin>
			<xmax>468</xmax>
			<ymin>51</ymin>
			<ymax>317</ymax>
		</bndbox>
	</object>
	<object>
		<name>alligator_lizard</name>
		<pose>Unspecified</pose>
		<truncated>0</truncated>
		<difficult>0</difficult>
		<occluded>0</occluded>
		<bndbox>
			<xmin>359</xmin>
			<xmax>381</xmax>
			<ymin>257</ymin>
			<ymax>268</ymax>
		</bndbox>
	</object>
</annotation>