<annotation>
	<folder>mask/n01689811</folder>
	<filename>n01689811_2251</filename>
	<path>mask/n01689811/n01689811_2251.png</path>
	<size>
		<width>375</width>
		<height>500</height>
		<depth>3</depth>
	</size>
	<segmented>0</segmented>
	<object>
		<name>alligator_lizard</name>
		<pose>Unspecified</pose>
		<truncated>0</truncated>
		<difficult>0</difficult>
		<occluded>0</occluded>
		<bndbox>
			<xmin>70</xmin>
			<xmax>308</xmax>
			<ymin>59</ymin>
			<ymax>482</ymax>
		</bndbox>
	</object>
	<object>
		<name>alligator_lizard</name>
		<pose>Unspecified</pose>
		<truncated>0</truncated>
		<difficult>0</difficult>
		<occluded>0</occluded>
		<bndbox>
			<xmin>125</xmin>
			<xmax>132</xmax>
			<ymin>451</ymin>
			<ymax>477</ymax>
		</bndbox>
	</object>
</annotation>