<annotation>
	<folder>mask/n01689811</folder>
	<filename>n01689811_6639</filename>
	<path>mask/n01689811/n01689811_6639.png</path>
	<size>
		<width>500</width>
		<height>333</height>
		<depth>3</depth>
	</size>
	<segmented>0</segmented>
	<object>
		<name>alligator_lizard</name>
		<pose>Unspecified</pose>
		<truncated>0</truncated>
		<difficult>0</difficult>
		<occluded>0</occluded>
		<bndbox>
			<xmin>22</xmin>
			<xmax>435</xmax>
			<ymin>54</ymin>
			<ymax>292</ymax>
		</bndbox>
	</object>
	<object>
		<name>alligator_lizard</name>
		<pose>Unspecified</pose>
		<truncated>0</truncated>
		<difficult>0</difficult>
		<occluded>0</occluded>
		<bndbox>
			<xmin>272</xmin>
			<xmax>279</xmax>
			<ymin>306</ymin>
			<ymax>332</ymax>
		</bndbox>
	</object>
</annotation>