<annotation>
	<folder>mask/n01689811</folder>
	<filename>n01689811_2069</filename>
	<path>mask/n01689811/n01689811_2069.png</path>
	<size>
		<width>500</width>
		<height>375</height>
		<depth>3</depth>
	</size>
	<segmented>0</segmented>
	<object>
		<name>alligator_lizard</name>
		<pose>Unspecified</pose>
		<truncated>0</truncated>
		<difficult>0</difficult>
		<occluded>0</occluded>
		<bndbox>
			<xmin>57</xmin>
			<xmax>498</xmax>
			<ymin>67</ymin>
			<ymax>309</ymax>
		</bndbox>
	</object>
	<object>
		<name>alligator_lizard</name>
		<pose>Unspecified</pose>
		<truncated>0</truncated>
		<difficult>0</difficult>
		<occluded>0</occluded>
		<bndbox>
			<xmin>144</xmin>
			<xmax>156</xmax>
			<ymin>78</ymin>
			<ymax>92</ymax>
		</bndbox>
	</object>
</annotation>