<annotation>
	<folder>mask/n01689811</folder>
	<filename>n01689811_4510</filename>
	<path>mask/n01689811/n01689811_4510.png</path>
	<size>
		<width>500</width>
		<height>333</height>
		<depth>3</depth>
	</size>
	<segmented>0</segmented>
	<object>
		<name>alligator_lizard</name>
		<pose>Unspecified</pose>
		<truncated>0</truncated>
		<difficult>0</difficult>
		<occluded>0</occluded>
		<bndbox>
			<xmin>166</xmin>
			<xmax>500</xmax>
			<ymin>66</ymin>
			<ymax>271</ymax>
		</bndbox>
	</object>
	<object>
		<name>alligator_lizard</name>
		<pose>Unspecified</pose>
		<truncated>0</truncated>
		<difficult>0</difficult>
		<occluded>0</occluded>
		<bndbox>
			<xmin>432</xmin>
			<xmax>499</xmax>
			<ymin>288</ymin>
			<ymax>310</ymax>
		</bndbox>
	</object>
</annotation>