<annotation>
	<folder>mask/n01689811</folder>
	<filename>n01689811_7985</filename>
	<path>mask/n01689811/n01689811_7985.png</path>
	<size>
		<width>500</width>
		<height>333</height>
		<depth>3</depth>
	</size>
	<segmented>0</segmented>
	<object>
		<name>alligator_lizard</name>
		<pose>Unspecified</pose>
		<truncated>0</truncated>
		<difficult>0</difficult>
		<occluded>0</occluded>
		<bndbox>
			<xmin>107</xmin>
			<xmax>366</xmax>
			<ymin>27</ymin>
			<ymax>317</ymax>
		</bndbox>
	</object>
</annotation>