<annotation>
	<folder>mask/n01689811</folder>
	<filename>n01689811_10243</filename>
	<path>mask/n01689811/n01689811_10243.png</path>
	<size>
		<width>500</width>
		<height>375</height>
		<depth>3</depth>
	</size>
	<segmented>0</segmented>
	<object>
		<name>alligator_lizard</name>
		<pose>Unspecified</pose>
		<truncated>0</truncated>
		<difficult>0</difficult>
		<occluded>0</occluded>
		<bndbox>
			<xmin>62</xmin>
			<xmax>464</xmax>
			<ymin>113</ymin>
			<ymax>185</ymax>
		</bndbox>
	</object>
	<object>
		<name>alligator_lizard</name>
		<pose>Unspecified</pose>
		<truncated>0</truncated>
		<difficult>0</difficult>
		<occluded>0</occluded>
		<bndbox>
			<xmin>86</xmin>
			<xmax>98</xmax>
			<ymin>116</ymin>
			<ymax>120</ymax>
		</bndbox>
	</object>
</annotation>