<annotation>
	<folder>mask/n01689811</folder>
	<filename>n01689811_5196</filename>
	<path>mask/n01689811/n01689811_5196.png</path>
	<size>
		<width>375</width>
		<height>500</height>
		<depth>3</depth>
	</size>
	<segmented>0</segmented>
	<object>
		<name>alligator_lizard</name>
		<pose>Unspecified</pose>
		<truncated>0</truncated>
		<difficult>0</difficult>
		<occluded>0</occluded>
		<bndbox>
			<xmin>102</xmin>
			<xmax>369</xmax>
			<ymin>106</ymin>
			<ymax>399</ymax>
		</bndbox>
	</object>
</annotation>