<annotation>
	<folder>mask/n01689811</folder>
	<filename>n01689811_6648</filename>
	<path>mask/n01689811/n01689811_6648.png</path>
	<size>
		<width>500</width>
		<height>491</height>
		<depth>3</depth>
	</size>
	<segmented>0</segmented>
	<object>
		<name>alligator_lizard</name>
		<pose>Unspecified</pose>
		<truncated>0</truncated>
		<difficult>0</difficult>
		<occluded>0</occluded>
		<bndbox>
			<xmin>34</xmin>
			<xmax>459</xmax>
			<ymin>106</ymin>
			<ymax>301</ymax>
		</bndbox>
	</object>
</annotation>