<annotation>
	<folder>mask/n01689811</folder>
	<filename>n01689811_1187</filename>
	<path>mask/n01689811/n01689811_1187.png</path>
	<size>
		<width>375</width>
		<height>500</height>
		<depth>3</depth>
	</size>
	<segmented>0</segmented>
	<object>
		<name>alligator_lizard</name>
		<pose>Unspecified</pose>
		<truncated>0</truncated>
		<difficult>0</difficult>
		<occluded>0</occluded>
		<bndbox>
			<xmin>123</xmin>
			<xmax>372</xmax>
			<ymin>113</ymin>
			<ymax>308</ymax>
		</bndbox>
	</object>
</annotation>