<annotation>
	<folder>mask/n01689811</folder>
	<filename>n01689811_5624</filename>
	<path>mask/n01689811/n01689811_5624.png</path>
	<size>
		<width>500</width>
		<height>307</height>
		<depth>3</depth>
	</size>
	<segmented>0</segmented>
	<object>
		<name>alligator_lizard</name>
		<pose>Unspecified</pose>
		<truncated>0</truncated>
		<difficult>0</difficult>
		<occluded>0</occluded>
		<bndbox>
			<xmin>89</xmin>
			<xmax>404</xmax>
			<ymin>100</ymin>
			<ymax>300</ymax>
		</bndbox>
	</object>
</annotation>