<annotation>
	<folder>mask/n01689811</folder>
	<filename>n01689811_6165</filename>
	<path>mask/n01689811/n01689811_6165.png</path>
	<size>
		<width>500</width>
		<height>375</height>
		<depth>3</depth>
	</size>
	<segmented>0</segmented>
	<object>
		<name>alligator_lizard</name>
		<pose>Unspecified</pose>
		<truncated>0</truncated>
		<difficult>0</difficult>
		<occluded>0</occluded>
		<bndbox>
			<xmin>70</xmin>
			<xmax>331</xmax>
			<ymin>37</ymin>
			<ymax>211</ymax>
		</bndbox>
	</object>
	<object>
		<name>alligator_lizard</name>
		<pose>Unspecified</pose>
		<truncated>0</truncated>
		<difficult>0</difficult>
		<occluded>0</occluded>
		<bndbox>
			<xmin>298</xmin>
			<xmax>418</xmax>
			<ymin>178</ymin>
			<ymax>232</ymax>
		</bndbox>
	</object>
</annotation>