<annotation>
	<folder>mask/n01689811</folder>
	<filename>n01689811_6624</filename>
	<path>mask/n01689811/n01689811_6624.png</path>
	<size>
		<width>500</width>
		<height>375</height>
		<depth>3</depth>
	</size>
	<segmented>0</segmented>
	<object>
		<name>alligator_lizard</name>
		<pose>Unspecified</pose>
		<truncated>0</truncated>
		<difficult>0</difficult>
		<occluded>0</occluded>
		<bndbox>
			<xmin>17</xmin>
			<xmax>394</xmax>
			<ymin>147</ymin>
			<ymax>295</ymax>
		</bndbox>
	</object>
</annotation>