<annotation>
	<folder>mask/n01689811</folder>
	<filename>n01689811_9276</filename>
	<path>mask/n01689811/n01689811_9276.png</path>
	<size>
		<width>500</width>
		<height>335</height>
		<depth>3</depth>
	</size>
	<segmented>0</segmented>
	<object>
		<name>alligator_lizard</name>
		<pose>Unspecified</pose>
		<truncated>0</truncated>
		<difficult>0</difficult>
		<occluded>0</occluded>
		<bndbox>
			<xmin>21</xmin>
			<xmax>460</xmax>
			<ymin>90</ymin>
			<ymax>324</ymax>
		</bndbox>
	</object>
	<object>
		<name>alligator_lizard</name>
		<pose>Unspecified</pose>
		<truncated>0</truncated>
		<difficult>0</difficult>
		<occluded>0</occluded>
		<bndbox>
			<xmin>223</xmin>
			<xmax>249</xmax>
			<ymin>172</ymin>
			<ymax>184</ymax>
		</bndbox>
	</object>
</annotation>