<annotation>
	<folder>mask/n01689811</folder>
	<filename>n01689811_4021</filename>
	<path>mask/n01689811/n01689811_4021.png</path>
	<size>
		<width>800</width>
		<height>482</height>
		<depth>3</depth>
	</size>
	<segmented>0</segmented>
	<object>
		<name>alligator_lizard</name>
		<pose>Unspecified</pose>
		<truncated>0</truncated>
		<difficult>0</difficult>
		<occluded>0</occluded>
		<bndbox>
			<xmin>73</xmin>
			<xmax>751</xmax>
			<ymin>159</ymin>
			<ymax>426</ymax>
		</bndbox>
	</object>
</annotation>