<annotation>
	<folder>mask/n01689811</folder>
	<filename>n01689811_6199</filename>
	<path>mask/n01689811/n01689811_6199.png</path>
	<size>
		<width>500</width>
		<height>401</height>
		<depth>3</depth>
	</size>
	<segmented>0</segmented>
	<object>
		<name>alligator_lizard</name>
		<pose>Unspecified</pose>
		<truncated>0</truncated>
		<difficult>0</difficult>
		<occluded>0</occluded>
		<bndbox>
			<xmin>1</xmin>
			<xmax>108</xmax>
			<ymin>0</ymin>
			<ymax>186</ymax>
		</bndbox>
	</object>
	<object>
		<name>alligator_lizard</name>
		<pose>Unspecified</pose>
		<truncated>0</truncated>
		<difficult>0</difficult>
		<occluded>0</occluded>
		<bndbox>
			<xmin>183</xmin>
			<xmax>456</xmax>
			<ymin>0</ymin>
			<ymax>227</ymax>
		</bndbox>
	</object>
</annotation>