<annotation>
	<folder>mask/n01689811</folder>
	<filename>n01689811_6137</filename>
	<path>mask/n01689811/n01689811_6137.png</path>
	<size>
		<width>500</width>
		<height>333</height>
		<depth>3</depth>
	</size>
	<segmented>0</segmented>
	<object>
		<name>alligator_lizard</name>
		<pose>Unspecified</pose>
		<truncated>0</truncated>
		<difficult>0</difficult>
		<occluded>0</occluded>
		<bndbox>
			<xmin>66</xmin>
			<xmax>455</xmax>
			<ymin>41</ymin>
			<ymax>320</ymax>
		</bndbox>
	</object>
</annotation>