<annotation>
	<folder>mask/n01689811</folder>
	<filename>n01689811_29</filename>
	<path>mask/n01689811/n01689811_29.png</path>
	<size>
		<width>993</width>
		<height>660</height>
		<depth>3</depth>
	</size>
	<segmented>0</segmented>
	<object>
		<name>alligator_lizard</name>
		<pose>Unspecified</pose>
		<truncated>0</truncated>
		<difficult>0</difficult>
		<occluded>0</occluded>
		<bndbox>
			<xmin>401</xmin>
			<xmax>927</xmax>
			<ymin>83</ymin>
			<ymax>271</ymax>
		</bndbox>
	</object>
	<object>
		<name>alligator_lizard</name>
		<pose>Unspecified</pose>
		<truncated>0</truncated>
		<difficult>0</difficult>
		<occluded>0</occluded>
		<bndbox>
			<xmin>843</xmin>
			<xmax>856</xmax>
			<ymin>262</ymin>
			<ymax>272</ymax>
		</bndbox>
	</object>
</annotation>