<annotation>
	<folder>mask/n01689811</folder>
	<filename>n01689811_2638</filename>
	<path>mask/n01689811/n01689811_2638.png</path>
	<size>
		<width>385</width>
		<height>500</height>
		<depth>3</depth>
	</size>
	<segmented>0</segmented>
	<object>
		<name>alligator_lizard</name>
		<pose>Unspecified</pose>
		<truncated>0</truncated>
		<difficult>0</difficult>
		<occluded>0</occluded>
		<bndbox>
			<xmin>88</xmin>
			<xmax>385</xmax>
			<ymin>10</ymin>
			<ymax>291</ymax>
		</bndbox>
	</object>
</annotation>