<annotation>
	<folder>mask/n01689811</folder>
	<filename>n01689811_156</filename>
	<path>mask/n01689811/n01689811_156.png</path>
	<size>
		<width>500</width>
		<height>333</height>
		<depth>3</depth>
	</size>
	<segmented>0</segmented>
	<object>
		<name>alligator_lizard</name>
		<pose>Unspecified</pose>
		<truncated>0</truncated>
		<difficult>0</difficult>
		<occluded>0</occluded>
		<bndbox>
			<xmin>26</xmin>
			<xmax>154</xmax>
			<ymin>35</ymin>
			<ymax>153</ymax>
		</bndbox>
	</object>
	<object>
		<name>alligator_lizard</name>
		<pose>Unspecified</pose>
		<truncated>0</truncated>
		<difficult>0</difficult>
		<occluded>0</occluded>
		<bndbox>
			<xmin>18</xmin>
			<xmax>28</xmax>
			<ymin>41</ymin>
			<ymax>61</ymax>
		</bndbox>
	</object>
	<object>
		<name>alligator_lizard</name>
		<pose>Unspecified</pose>
		<truncated>0</truncated>
		<difficult>0</difficult>
		<occluded>0</occluded>
		<bndbox>
			<xmin>153</xmin>
			<xmax>458</xmax>
			<ymin>84</ymin>
			<ymax>312</ymax>
		</bndbox>
	</object>
</annotation>