<annotation>
	<folder>mask/n01689811</folder>
	<filename>n01689811_4854</filename>
	<path>mask/n01689811/n01689811_4854.png</path>
	<size>
		<width>179</width>
		<height>128</height>
		<depth>3</depth>
	</size>
	<segmented>0</segmented>
	<object>
		<name>alligator_lizard</name>
		<pose>Unspecified</pose>
		<truncated>0</truncated>
		<difficult>0</difficult>
		<occluded>0</occluded>
		<bndbox>
			<xmin>15</xmin>
			<xmax>166</xmax>
			<ymin>20</ymin>
			<ymax>89</ymax>
		</bndbox>
	</object>
</annotation>