<annotation>
	<folder>mask/n01689811</folder>
	<filename>n01689811_4044</filename>
	<path>mask/n01689811/n01689811_4044.png</path>
	<size>
		<width>599</width>
		<height>449</height>
		<depth>3</depth>
	</size>
	<segmented>0</segmented>
	<object>
		<name>alligator_lizard</name>
		<pose>Unspecified</pose>
		<truncated>0</truncated>
		<difficult>0</difficult>
		<occluded>0</occluded>
		<bndbox>
			<xmin>97</xmin>
			<xmax>527</xmax>
			<ymin>97</ymin>
			<ymax>316</ymax>
		</bndbox>
	</object>
</annotation>