<annotation>
	<folder>mask/n01689811</folder>
	<filename>n01689811_9533</filename>
	<path>mask/n01689811/n01689811_9533.png</path>
	<size>
		<width>500</width>
		<height>343</height>
		<depth>3</depth>
	</size>
	<segmented>0</segmented>
	<object>
		<name>alligator_lizard</name>
		<pose>Unspecified</pose>
		<truncated>0</truncated>
		<difficult>0</difficult>
		<occluded>0</occluded>
		<bndbox>
			<xmin>45</xmin>
			<xmax>428</xmax>
			<ymin>81</ymin>
			<ymax>306</ymax>
		</bndbox>
	</object>
</annotation>