<annotation>
	<folder>mask/n01689811</folder>
	<filename>n01689811_2071</filename>
	<path>mask/n01689811/n01689811_2071.png</path>
	<size>
		<width>500</width>
		<height>332</height>
		<depth>3</depth>
	</size>
	<segmented>0</segmented>
	<object>
		<name>alligator_lizard</name>
		<pose>Unspecified</pose>
		<truncated>0</truncated>
		<difficult>0</difficult>
		<occluded>0</occluded>
		<bndbox>
			<xmin>31</xmin>
			<xmax>487</xmax>
			<ymin>110</ymin>
			<ymax>258</ymax>
		</bndbox>
	</object>
	<object>
		<name>alligator_lizard</name>
		<pose>Unspecified</pose>
		<truncated>0</truncated>
		<difficult>0</difficult>
		<occluded>0</occluded>
		<bndbox>
			<xmin>419</xmin>
			<xmax>430</xmax>
			<ymin>173</ymin>
			<ymax>183</ymax>
		</bndbox>
	</object>
</annotation>